{
    "71DBB9F9": {
        "GastoAlimento": 61686.923940770685,
        "TotalKgAlimento": 3084.34619703853,
        "TiposAlimentos": {
            "SinAlimento": 0.0,
            "Alimento3": 156.7125671262301,
            "Alimento1": 2006.0145206918448,
            "Alimento2": 921.619109220457
        },
        "AlimentoEtapas": {
            "Transporte": 0.0,
            "Cuarentena": 156.7125671262301,
            "Gestacion1": 286.86379478234244,
            "Maternidad1": 250.16743406287472,
            "Zen1": 16.572155740749267,
            "Gestacion2": 284.54839500615105,
            "Maternidad2": 80.06198972180371,
            "Zen2": 35.322497228808295,
            "Gestacion3": 274.0458517016626,
            "Maternidad3": 80.53185315126096,
            "Zen3": 35.15326518352424,
            "Gestacion4": 292.2674753888151,
            "Maternidad4": 79.23929560394373,
            "Zen4": 35.40888185458781,
            "Gestacion5": 291.8086607418817,
            "Maternidad5": 81.62999144795975,
            "Zen5": 34.32429630026063,
            "Gestacion6": 281.8896091149375,
            "Maternidad6": 80.64582103711047,
            "Zen6": 35.42560224571087,
            "Gestacion7": 294.590733956054,
            "Maternidad7": 77.13602564186213
        },
        "GastoMedicamentos": 0,
        "TiposMedicamentos": {
            "Med1": {
                "Cant": 117,
                "Inversion": 81900
            },
            "Med3": {
                "Cant": 68,
                "Inversion": 27200
            },
            "Vac1": {
                "Cant": 48,
                "Inversion": 3840
            },
            "Vac6": {
                "Cant": 22,
                "Inversion": 1100
            },
            "Vac2": {
                "Cant": 48,
                "Inversion": 3360
            },
            "Med123": {
                "Cant": 1,
                "Inversion": 500
            },
            "Vac3": {
                "Cant": 27,
                "Inversion": 1728
            },
            "Med2": {
                "Cant": 54,
                "Inversion": 19008
            }
        },
        "MedicamentoEtapas": {
            "Cuarentena": 15250,
            "Gestacion1": 12440,
            "Maternidad1": 3268,
            "Zen1": 1950,
            "Gestacion2": 18422,
            "Maternidad2": 4368,
            "Zen2": 4150,
            "Gestacion3": 16638,
            "Maternidad3": 1752,
            "Zen3": 1950,
            "Gestacion4": 14386,
            "Maternidad4": 1250,
            "Zen4": 3066,
            "Gestacion5": 5270,
            "Maternidad5": 1250,
            "Zen5": 1950,
            "Gestacion6": 13722,
            "Maternidad6": 1950,
            "Zen6": 1950,
            "Gestacion7": 6386,
            "Maternidad7": 7268
        }
    },
    "71DF8BF5": {
        "GastoAlimento": 61364.7302875086,
        "TotalKgAlimento": 3068.2365143754287,
        "TiposAlimentos": {
            "SinAlimento": 0.0,
            "Alimento3": 155.00153798336532,
            "Alimento1": 1997.9479448554655,
            "Alimento2": 915.2870315365988
        },
        "AlimentoEtapas": {
            "Transporte": 0.0,
            "Cuarentena": 155.00153798336532,
            "Gestacion1": 293.10536949023344,
            "Maternidad1": 247.2097743325411,
            "Zen1": 13.818610146586067,
            "Gestacion2": 285.9993500045547,
            "Maternidad2": 80.51299552233554,
            "Zen2": 34.93493431973328,
            "Gestacion3": 292.37737583184526,
            "Maternidad3": 79.28049440902973,
            "Zen3": 34.545176442709845,
            "Gestacion4": 277.6171153102126,
            "Maternidad4": 81.75024976463251,
            "Zen4": 34.46559344049166,
            "Gestacion5": 287.1742428073417,
            "Maternidad5": 81.67469907968224,
            "Zen5": 35.39764380246143,
            "Gestacion6": 281.264099253403,
            "Maternidad6": 79.94891571429947,
            "Zen6": 34.91851498981096,
            "Gestacion7": 280.4103921578748,
            "Maternidad7": 76.82942957228461
        },
        "GastoMedicamentos": 0,
        "TiposMedicamentos": {
            "Med1": {
                "Cant": 83,
                "Inversion": 58100
            },
            "Vac1": {
                "Cant": 49,
                "Inversion": 3920
            },
            "Med3": {
                "Cant": 62,
                "Inversion": 24800
            },
            "Vac2": {
                "Cant": 49,
                "Inversion": 3430
            },
            "Med123": {
                "Cant": 1,
                "Inversion": 500
            },
            "Vac3": {
                "Cant": 28,
                "Inversion": 1792
            },
            "Med2": {
                "Cant": 56,
                "Inversion": 19712
            },
            "Vac6": {
                "Cant": 8,
                "Inversion": 400
            }
        },
        "MedicamentoEtapas": {
            "Cuarentena": 7286,
            "Gestacion1": 14422,
            "Maternidad1": 5250,
            "Zen1": 1950,
            "Gestacion2": 6386,
            "Maternidad2": 5286,
            "Zen2": 3100,
            "Gestacion3": 11254,
            "Maternidad3": 1250,
            "Zen3": 1950,
            "Gestacion4": 4368,
            "Maternidad4": 1250,
            "Zen4": 2714,
            "Gestacion5": 9658,
            "Maternidad5": 1250,
            "Zen5": 3066,
            "Gestacion6": 15324,
            "Maternidad6": 3268,
            "Zen6": 1950,
            "Gestacion7": 10422,
            "Maternidad7": 1250
        }
    }
}