{"alimento": {"kg": {"Vientre": {"A": {"C": 2095.2, "A1": 19353.6, "A2": 21916.8, "A3": 25334.4, "A4": 27825.6, "G1": 0.0, "M1C": 0.0, "M1D": 0.0, "Z1": 0.0, "G2": 0.0, "M2C": 0.0, "M2D": 0.0, "Z2": 0.0, "G3": 0.0, "M3C": 0.0, "M3D": 0.0, "Z3": 0.0, "G4": 0.0, "M4C": 0.0, "M4D": 0.0, "Z4": 0.0, "G5": 0.0, "M5C": 0.0, "M5D": 0.0, "Z5": 0.0, "G6": 0.0, "M6C": 0.0, "M6D": 0.0}, "GV": {"C": 0.0, "A1": 0.0, "A2": 0.0, "A3": 0.0, "A4": 0.0, "G1": 83209.5, "M1C": 0.0, "M1D": 0.0, "Z1": 3679.75, "G2": 79827.0, "M2C": 0.0, "M2D": 0.0, "Z2": 3526.0, "G3": 76895.5, "M3C": 0.0, "M3D": 0.0, "Z3": 3392.75, "G4": 73964.0, "M4C": 0.0, "M4D": 0.0, "Z4": 2121.75, "G5": 46002.0, "M5C": 0.0, "M5D": 0.0, "Z5": 2039.75, "G6": 27962.0, "M6C": 0.0, "M6D": 0.0}, "MV": {"C": 0.0, "A1": 0.0, "A2": 0.0, "A3": 0.0, "A4": 0.0, "G1": 0.0, "M1C": 10248.0, "M1D": 25340.0, "Z1": 0.0, "G2": 0.0, "M2C": 9828.0, "M2D": 24360.0, "Z2": 0.0, "G3": 0.0, "M3C": 9464.0, "M3D": 23380.0, "Z3": 0.0, "G4": 0.0, "M4C": 9072.0, "M4D": 20720.0, "Z4": 0.0, "G5": 0.0, "M5C": 5656.0, "M5D": 14000.0, "Z5": 0.0, "G6": 0.0, "M6C": 2100.0, "M6D": 2960.0}}, "Lechon": {"ML": {"M": 311396.4, "D": 0.0, "E": 0.0}, "D": {"M": 0.0, "D": 1496535.0, "E": 0.0}, "E": {"M": 0.0, "D": 0.0, "E": 2157375.0}}, "Semental CIA": {"C": {"C": 0.0, "CIA": 3468.0}}, "Semental G": {"C": {"C": 48.0, "G": 0.0}, "GS": {"C": 0.0, "G": 5608.799999999999}}}, "kg_tipo_A": {"Vientre": {"A": 96525.6, "GV": 402620.0, "MV": 157128.0}, "Lechon": {"ML": 311396.4, "D": 1496535.0, "E": 2157375.0}, "Semental CIA": {"C": 3468.0}, "Semental G": {"C": 48.0, "GS": 5608.799999999999}}, "costo_tipo_A": {"Vientre": {"A": 938228.8319999999, "GV": 3329667.3999999994, "MV": 1305733.6800000002}, "Lechon": {"ML": 3711845.0880000005, "D": 15758513.549999999, "E": 20969685.0}, "Semental CIA": {"C": 33708.96}, "Semental G": {"C": 466.56000000000006, "GS": 60855.47999999999}}, "costo_etapa_A": {"Vientre": {"C": 20365.344, "A1": 188116.992, "A2": 213031.296, "A3": 246250.36800000002, "A4": 270464.832, "G1": 688142.565, "M1C": 85160.88, "M1D": 210575.40000000002, "Z1": 30431.532499999998, "G2": 660169.2899999999, "M2C": 81670.68000000001, "M2D": 202431.6, "Z2": 29160.019999999997, "G3": 635925.7849999999, "M3C": 78645.84000000001, "M3D": 194287.80000000002, "Z3": 28058.0425, "G4": 611682.2799999999, "M4C": 75388.32, "M4D": 172183.2, "Z4": 17546.872499999998, "G5": 380436.54, "M5C": 47001.36, "M5D": 116340.0, "Z5": 16868.7325, "G6": 231245.74, "M6C": 17451.0, "M6D": 24597.600000000002}, "Lechon": {"M": 3711845.0880000005, "D": 15758513.549999999, "E": 20969685.0}, "Semental CIA": {"C": 0.0, "CIA": 33708.96}, "Semental G": {"C": 466.56000000000006, "G": 60855.47999999999}}, "costo_total_A": {"Vientre": 5573629.911999999, "Lechon": 40440043.638, "Semental CIA": 33708.96, "Semental G": 61322.039999999986}}, "vacunas": {"num_vacunas": {"Vientre": {"V1": {"C": 291.0, "A1": 0.0, "A2": 0.0, "A3": 0.0, "A4": 0.0, "G1": 0.0, "M1C": 0.0, "M1D": 0.0, "Z1": 0.0, "G2": 0.0, "M2C": 0.0, "M2D": 0.0, "Z2": 0.0, "G3": 0.0, "M3C": 0.0, "M3D": 0.0, "Z3": 0.0, "G4": 0.0, "M4C": 0.0, "M4D": 0.0, "Z4": 0.0, "G5": 0.0, "M5C": 0.0, "M5D": 0.0, "Z5": 0.0, "G6": 0.0, "M6C": 0.0, "M6D": 0.0}, "V2": {"C": 0.0, "A1": 0.0, "A2": 285.0, "A3": 0.0, "A4": 0.0, "G1": 0.0, "M1C": 0.0, "M1D": 0.0, "Z1": 0.0, "G2": 0.0, "M2C": 0.0, "M2D": 0.0, "Z2": 0.0, "G3": 0.0, "M3C": 0.0, "M3D": 0.0, "Z3": 0.0, "G4": 0.0, "M4C": 0.0, "M4D": 0.0, "Z4": 0.0, "G5": 0.0, "M5C": 0.0, "M5D": 0.0, "Z5": 0.0, "G6": 0.0, "M6C": 0.0, "M6D": 0.0}, "V3": {"C": 0.0, "A1": 576.0, "A2": 0.0, "A3": 0.0, "A4": 0.0, "G1": 0.0, "M1C": 0.0, "M1D": 0.0, "Z1": 0.0, "G2": 0.0, "M2C": 0.0, "M2D": 0.0, "Z2": 0.0, "G3": 0.0, "M3C": 0.0, "M3D": 0.0, "Z3": 0.0, "G4": 0.0, "M4C": 0.0, "M4D": 0.0, "Z4": 0.0, "G5": 0.0, "M5C": 0.0, "M5D": 0.0, "Z5": 0.0, "G6": 0.0, "M6C": 0.0, "M6D": 0.0}, "V4": {"C": 0.0, "A1": 0.0, "A2": 0.0, "A3": 0.0, "A4": 0.0, "G1": 369.0, "M1C": 0.0, "M1D": 362.0, "Z1": 0.0, "G2": 354.0, "M2C": 0.0, "M2D": 348.0, "Z2": 0.0, "G3": 341.0, "M3C": 0.0, "M3D": 334.0, "Z3": 0.0, "G4": 328.0, "M4C": 0.0, "M4D": 0.0, "Z4": 0.0, "G5": 0.0, "M5C": 0.0, "M5D": 0.0, "Z5": 0.0, "G6": 0.0, "M6C": 0.0, "M6D": 0.0}}, "Lechon": {"V1": {"M": 16449.0, "D": 14430.0, "E": 13075.0}, "V2": {"M": 16449.0, "D": 0.0, "E": 13075.0}, "V3": {"M": 0.0, "D": 14430.0, "E": 0.0}, "V4": {"M": 15703.0, "D": 14430.0, "E": 13075.0}}, "Semental CIA": {"V1": {"C": 0.0, "CIA": 0.0}, "V2": {"C": 0.0, "CIA": 0.0}, "V3": {"C": 0.0, "CIA": 4.0}, "V4": {"C": 0.0, "CIA": 12.0}}, "Semental G": {"V1": {"C": 4.0, "G": 0.0}, "V2": {"C": 4.0, "G": 0.0}, "V3": {"C": 4.0, "G": 4.0}, "V4": {"C": 0.0, "G": 16.0}}}, "num_vac_tipo_V": {"Vientre": {"V1": 291.0, "V2": 285.0, "V3": 576.0, "V4": 2436.0}, "Lechon": {"V1": 43954.0, "V2": 29524.0, "V3": 14430.0, "V4": 43208.0}, "Semental CIA": {"V1": 0.0, "V2": 0.0, "V3": 4.0, "V4": 12.0}, "Semental G": {"V1": 4.0, "V2": 4.0, "V3": 8.0, "V4": 16.0}}, "costo_tipo_V": {"Vientre": {"V1": 291.0, "V2": 370.5, "V3": 633.6, "V4": 2923.2}, "Lechon": {"V1": 43954.0, "V2": 38381.2, "V3": 15873.000000000002, "V4": 51849.6}, "Semental CIA": {"V1": 0.0, "V2": 0.0, "V3": 4.4, "V4": 14.399999999999999}, "Semental G": {"V1": 4.0, "V2": 5.2, "V3": 8.8, "V4": 19.2}}, "costo_etapa_V": {"Vientre": {"C": 291.0, "A1": 633.6, "A2": 370.5, "A3": 0.0, "A4": 0.0, "G1": 442.8, "M1C": 0.0, "M1D": 434.4, "Z1": 0.0, "G2": 424.8, "M2C": 0.0, "M2D": 417.59999999999997, "Z2": 0.0, "G3": 409.2, "M3C": 0.0, "M3D": 400.8, "Z3": 0.0, "G4": 393.59999999999997, "M4C": 0.0, "M4D": 0.0, "Z4": 0.0, "G5": 0.0, "M5C": 0.0, "M5D": 0.0, "Z5": 0.0, "G6": 0.0, "M6C": 0.0, "M6D": 0.0}, "Lechon": {"M": 56676.299999999996, "D": 47619.0, "E": 45762.5}, "Semental CIA": {"C": 0.0, "CIA": 18.799999999999997}, "Semental G": {"C": 13.6, "G": 23.6}}, "costo_total_V": {"Vientre": 4218.299999999999, "Lechon": 150057.8, "Semental CIA": 18.799999999999997, "Semental G": 37.2}}, "ganancias": {"kg": {"vientre": 0.0, "lechon": 2745750.0, "sementalCIA": 0.0, "sementalG": 840.0}, "ventas": {"vientre": 0.0, "lechon": 102004612.5, "sementalCIA": 0.0, "sementalG": 31206.0}, "ganancia": 55772781.85}}