{"alimento": {"kg": {"Vientre": {"A": {"C": 4262.4, "A1": 39513.6, "A2": 38976.0, "A3": 38707.2, "A4": 42259.2, "G1": 0.0, "M1C": 0.0, "M1D": 0.0, "Z1": 0.0, "G2": 0.0, "M2C": 0.0, "M2D": 0.0, "Z2": 0.0, "G3": 0.0, "M3C": 0.0, "M3D": 0.0, "Z3": 0.0, "G4": 0.0, "M4C": 0.0, "M4D": 0.0, "Z4": 0.0, "G5": 0.0, "M5C": 0.0, "M5D": 0.0, "Z5": 0.0, "G6": 0.0, "M6C": 0.0, "M6D": 0.0}, "GV": {"C": 0.0, "A1": 0.0, "A2": 0.0, "A3": 0.0, "A4": 0.0, "G1": 127181.99999999999, "M1C": 0.0, "M1D": 0.0, "Z1": 5616.999999999999, "G2": 121769.99999999999, "M2C": 0.0, "M2D": 0.0, "Z2": 5370.999999999999, "G3": 117259.99999999999, "M3C": 0.0, "M3D": 0.0, "Z3": 5166.0, "G4": 112749.99999999999, "M4C": 0.0, "M4D": 0.0, "Z4": 4961.0, "G5": 108239.99999999999, "M5C": 0.0, "M5D": 0.0, "Z5": 4756.0, "G6": 103729.99999999999, "M6C": 0.0, "M6D": 0.0}, "MV": {"C": 0.0, "A1": 0.0, "A2": 0.0, "A3": 0.0, "A4": 0.0, "G1": 0.0, "M1C": 15568.0, "M1D": 38640.0, "Z1": 0.0, "G2": 0.0, "M2C": 15008.0, "M2D": 36960.0, "Z2": 0.0, "G3": 0.0, "M3C": 14448.0, "M3D": 35560.0, "Z3": 0.0, "G4": 0.0, "M4C": 13776.0, "M4D": 34160.0, "Z4": 0.0, "G5": 0.0, "M5C": 13328.0, "M5D": 32760.0, "Z5": 0.0, "G6": 0.0, "M6C": 12768.0, "M6D": 31640.0}}, "Lechon": {"ML": {"M": 707873.6, "D": 0.0, "E": 0.0}, "D": {"M": 0.0, "D": 3807588.0, "E": 0.0}, "E": {"M": 0.0, "D": 0.0, "E": 5233398.5}}, "Semental CIA": {"C": {"C": 108.0, "CIA": 8100.0}}, "Semental G": {"C": {"C": 60.0, "G": 0.0}, "GS": {"C": 0.0, "G": 7010.999999999999}}}, "kg_tipo_A": {"Vientre": {"A": 163718.4, "GV": 716802.9999999999, "MV": 294616.0}, "Lechon": {"ML": 707873.6, "D": 3807588.0, "E": 5233398.5}, "Semental CIA": {"C": 8208.0}, "Semental G": {"C": 60.0, "GS": 7010.999999999999}}, "costo_tipo_A": {"Vientre": {"A": 1591342.8480000002, "GV": 5927960.81, "MV": 2448258.96}, "Lechon": {"ML": 8437853.311999999, "D": 40093901.64, "E": 50868633.42}, "Semental CIA": {"C": 79781.76}, "Semental G": {"C": 583.2, "GS": 76069.34999999999}}, "costo_etapa_A": {"Vientre": {"C": 41430.528, "A1": 384072.19200000004, "A2": 378846.72000000003, "A3": 376233.984, "A4": 410759.424, "G1": 1051795.14, "M1C": 129370.08, "M1D": 321098.4, "Z1": 46452.58999999999, "G2": 1007037.8999999998, "M2C": 124716.48000000001, "M2D": 307137.60000000003, "Z2": 44418.16999999999, "G3": 969740.1999999998, "M3C": 120062.88, "M3D": 295503.60000000003, "Z3": 42722.82, "G4": 932442.4999999999, "M4C": 114478.56000000001, "M4D": 283869.60000000003, "Z4": 41027.47, "G5": 895144.7999999998, "M5C": 110755.68000000001, "M5D": 272235.60000000003, "Z5": 39332.119999999995, "G6": 857847.0999999999, "M6C": 106102.08, "M6D": 262928.4}, "Lechon": {"M": 8437853.311999999, "D": 40093901.64, "E": 50868633.42}, "Semental CIA": {"C": 1049.76, "CIA": 78732.0}, "Semental G": {"C": 583.2, "G": 76069.34999999999}}, "costo_total_A": {"Vientre": 9967562.618, "Lechon": 99400388.37200001, "Semental CIA": 79781.76, "Semental G": 76652.54999999999}}, "vacunas": {"num_vacunas": {"Vientre": {"V1": {"C": 592.0, "A1": 0.0, "A2": 0.0, "A3": 0.0, "A4": 0.0, "G1": 0.0, "M1C": 0.0, "M1D": 0.0, "Z1": 0.0, "G2": 0.0, "M2C": 0.0, "M2D": 0.0, "Z2": 0.0, "G3": 0.0, "M3C": 0.0, "M3D": 0.0, "Z3": 0.0, "G4": 0.0, "M4C": 0.0, "M4D": 0.0, "Z4": 0.0, "G5": 0.0, "M5C": 0.0, "M5D": 0.0, "Z5": 0.0, "G6": 0.0, "M6C": 0.0, "M6D": 0.0}, "V2": {"C": 0.0, "A1": 0.0, "A2": 580.0, "A3": 0.0, "A4": 0.0, "G1": 0.0, "M1C": 0.0, "M1D": 0.0, "Z1": 0.0, "G2": 0.0, "M2C": 0.0, "M2D": 0.0, "Z2": 0.0, "G3": 0.0, "M3C": 0.0, "M3D": 0.0, "Z3": 0.0, "G4": 0.0, "M4C": 0.0, "M4D": 0.0, "Z4": 0.0, "G5": 0.0, "M5C": 0.0, "M5D": 0.0, "Z5": 0.0, "G6": 0.0, "M6C": 0.0, "M6D": 0.0}, "V3": {"C": 0.0, "A1": 1176.0, "A2": 0.0, "A3": 0.0, "A4": 0.0, "G1": 0.0, "M1C": 0.0, "M1D": 0.0, "Z1": 0.0, "G2": 0.0, "M2C": 0.0, "M2D": 0.0, "Z2": 0.0, "G3": 0.0, "M3C": 0.0, "M3D": 0.0, "Z3": 0.0, "G4": 0.0, "M4C": 0.0, "M4D": 0.0, "Z4": 0.0, "G5": 0.0, "M5C": 0.0, "M5D": 0.0, "Z5": 0.0, "G6": 0.0, "M6C": 0.0, "M6D": 0.0}, "V4": {"C": 0.0, "A1": 0.0, "A2": 0.0, "A3": 0.0, "A4": 0.0, "G1": 564.0, "M1C": 0.0, "M1D": 552.0, "Z1": 0.0, "G2": 540.0, "M2C": 0.0, "M2D": 528.0, "Z2": 0.0, "G3": 520.0, "M3C": 0.0, "M3D": 508.0, "Z3": 0.0, "G4": 500.0, "M4C": 0.0, "M4D": 0.0, "Z4": 0.0, "G5": 0.0, "M5C": 0.0, "M5D": 0.0, "Z5": 0.0, "G6": 0.0, "M6C": 0.0, "M6D": 0.0}}, "Lechon": {"V1": {"M": 36116.0, "D": 35752.0, "E": 30076.0}, "V2": {"M": 36116.0, "D": 0.0, "E": 32738.0}, "V3": {"M": 0.0, "D": 35752.0, "E": 0.0}, "V4": {"M": 36116.0, "D": 35752.0, "E": 32738.0}}, "Semental CIA": {"V1": {"C": 9.0, "CIA": 9.0}, "V2": {"C": 9.0, "CIA": 0.0}, "V3": {"C": 9.0, "CIA": 9.0}, "V4": {"C": 0.0, "CIA": 27.0}}, "Semental G": {"V1": {"C": 5.0, "G": 0.0}, "V2": {"C": 5.0, "G": 0.0}, "V3": {"C": 5.0, "G": 5.0}, "V4": {"C": 0.0, "G": 20.0}}}, "num_vac_tipo_V": {"Vientre": {"V1": 592.0, "V2": 580.0, "V3": 1176.0, "V4": 3712.0}, "Lechon": {"V1": 101944.0, "V2": 68854.0, "V3": 35752.0, "V4": 104606.0}, "Semental CIA": {"V1": 18.0, "V2": 9.0, "V3": 18.0, "V4": 27.0}, "Semental G": {"V1": 5.0, "V2": 5.0, "V3": 10.0, "V4": 20.0}}, "costo_tipo_V": {"Vientre": {"V1": 592.0, "V2": 754.0, "V3": 1293.6000000000001, "V4": 4454.4}, "Lechon": {"V1": 101944.0, "V2": 89510.20000000001, "V3": 39327.200000000004, "V4": 125527.20000000001}, "Semental CIA": {"V1": 18.0, "V2": 11.700000000000001, "V3": 19.8, "V4": 32.4}, "Semental G": {"V1": 5.0, "V2": 6.5, "V3": 11.0, "V4": 24.0}}, "costo_etapa_V": {"Vientre": {"C": 592.0, "A1": 1293.6000000000001, "A2": 754.0, "A3": 0.0, "A4": 0.0, "G1": 676.8, "M1C": 0.0, "M1D": 662.4, "Z1": 0.0, "G2": 648.0, "M2C": 0.0, "M2D": 633.6, "Z2": 0.0, "G3": 624.0, "M3C": 0.0, "M3D": 609.6, "Z3": 0.0, "G4": 600.0, "M4C": 0.0, "M4D": 0.0, "Z4": 0.0, "G5": 0.0, "M5C": 0.0, "M5D": 0.0, "Z5": 0.0, "G6": 0.0, "M6C": 0.0, "M6D": 0.0}, "Lechon": {"M": 126406.0, "D": 117981.6, "E": 111921.0}, "Semental CIA": {"C": 30.6, "CIA": 51.3}, "Semental G": {"C": 17.0, "G": 29.5}}, "costo_total_V": {"Vientre": 7094.0, "Lechon": 356308.60000000003, "Semental CIA": 81.9, "Semental G": 46.5}}, "ganancias": {"kg": {"vientre": 94920.0, "lechon": 6315960.0, "sementalCIA": 1890.0, "sementalG": 1050.0}, "ventas": {"vientre": 3526278.0, "lechon": 234637914.0, "sementalCIA": 70213.5, "sementalG": 39007.5}, "ganancia": 128385496.69999999}}