{
    "71DBB9F9": {
        "GastoAlimento": 61295.1025427179,
        "TotalKgAlimento": 3064.755127135898,
        "TiposAlimentos": {
            "SinAlimento": 0.0,
            "Alimento3": 155.4403190983363,
            "Alimento1": 1995.4679653123862,
            "Alimento2": 913.846842725174
        },
        "AlimentoEtapas": {
            "Transporte": 0.0,
            "Cuarentena": 155.4403190983363,
            "Gestacion1": 291.37890292134375,
            "Maternidad1": 249.56534113680294,
            "Zen1": 14.205243995042434,
            "Gestacion2": 297.22821959547383,
            "Maternidad2": 79.80246733630064,
            "Zen2": 35.08701316659497,
            "Gestacion3": 287.0704803985198,
            "Maternidad3": 78.85634491900167,
            "Zen3": 35.655144964698934,
            "Gestacion4": 286.84893021018394,
            "Maternidad4": 80.05635746334542,
            "Zen4": 34.950594596712925,
            "Gestacion5": 285.1394059551451,
            "Maternidad5": 80.45605532394161,
            "Zen5": 35.12243777557796,
            "Gestacion6": 268.56478692185345,
            "Maternidad6": 79.54859531761302,
            "Zen6": 34.5299126004911,
            "Gestacion7": 279.23723930986665,
            "Maternidad7": 76.01133412905084
        },
        "GastoMedicamentos": 0,
        "TiposMedicamentos": {
            "Med1": {
                "Cant": 104,
                "Inversion": 72800
            },
            "Vac3": {
                "Cant": 39,
                "Inversion": 2496
            },
            "Med2": {
                "Cant": 77,
                "Inversion": 27104
            },
            "Vac1": {
                "Cant": 59,
                "Inversion": 4720
            },
            "Med3": {
                "Cant": 75,
                "Inversion": 30000
            },
            "Vac2": {
                "Cant": 59,
                "Inversion": 4130
            },
            "Med123": {
                "Cant": 1,
                "Inversion": 500
            },
            "Vac6": {
                "Cant": 12,
                "Inversion": 600
            }
        },
        "MedicamentoEtapas": {
            "Transporte": 764,
            "Cuarentena": 10558,
            "Gestacion1": 12440,
            "Maternidad1": 1250,
            "Zen1": 1950,
            "Gestacion2": 20476,
            "Maternidad2": 6300,
            "Zen2": 4054,
            "Gestacion3": 17286,
            "Maternidad3": 3268,
            "Zen3": 1950,
            "Gestacion4": 4368,
            "Maternidad4": 2014,
            "Zen4": 4320,
            "Gestacion5": 8804,
            "Maternidad5": 3770,
            "Zen5": 1950,
            "Gestacion6": 17168,
            "Maternidad6": 3268,
            "Zen6": 2782,
            "Gestacion7": 10844,
            "Maternidad7": 2766
        }
    },
    "71DF8BF5": {
        "GastoAlimento": 60582.24967547504,
        "TotalKgAlimento": 3029.112483773747,
        "TiposAlimentos": {
            "SinAlimento": 0.0,
            "Alimento3": 152.5827410530197,
            "Alimento1": 1953.370735160132,
            "Alimento2": 923.1590075605989
        },
        "AlimentoEtapas": {
            "Transporte": 0.0,
            "Cuarentena": 152.5827410530197,
            "Gestacion1": 278.402354436861,
            "Maternidad1": 254.07811879971783,
            "Zen1": 14.368502561356799,
            "Gestacion2": 277.21105973309596,
            "Maternidad2": 79.93561257688958,
            "Zen2": 35.250452718820014,
            "Gestacion3": 279.9382364614498,
            "Maternidad3": 80.1657673068329,
            "Zen3": 34.990658612174144,
            "Gestacion4": 282.4063376043625,
            "Maternidad4": 80.60094537226597,
            "Zen4": 34.94786626207148,
            "Gestacion5": 280.3373375815957,
            "Maternidad5": 81.06723300951815,
            "Zen5": 35.41578590996877,
            "Gestacion6": 286.42431577117924,
            "Maternidad6": 79.9646371591115,
            "Zen6": 34.882304282812925,
            "Gestacion7": 268.651093571586,
            "Maternidad7": 77.49112298905882
        },
        "GastoMedicamentos": 0,
        "TiposMedicamentos": {
            "Med1": {
                "Cant": 114,
                "Inversion": 79800
            },
            "Vac1": {
                "Cant": 50,
                "Inversion": 4000
            },
            "Med3": {
                "Cant": 69,
                "Inversion": 27600
            },
            "Vac2": {
                "Cant": 50,
                "Inversion": 3500
            },
            "Med123": {
                "Cant": 1,
                "Inversion": 500
            },
            "Vac3": {
                "Cant": 29,
                "Inversion": 1856
            },
            "Med2": {
                "Cant": 58,
                "Inversion": 20416
            },
            "Vac6": {
                "Cant": 20,
                "Inversion": 1000
            }
        },
        "MedicamentoEtapas": {
            "Cuarentena": 7286,
            "Gestacion1": 14386,
            "Maternidad1": 6846,
            "Zen1": 2372,
            "Gestacion2": 12368,
            "Maternidad2": 1250,
            "Zen2": 1950,
            "Gestacion3": 16818,
            "Maternidad3": 2926,
            "Zen3": 3066,
            "Gestacion4": 9306,
            "Maternidad4": 3268,
            "Zen4": 1950,
            "Gestacion5": 12368,
            "Maternidad5": 5286,
            "Zen5": 1950,
            "Gestacion6": 18422,
            "Maternidad6": 1250,
            "Zen6": 1950,
            "Gestacion7": 11150,
            "Maternidad7": 2504
        }
    }
}